queryid,execution_time_with_aqo,execution_time_without_aqo,planning_time_with_aqo,planning_time_without_aqo,cardinality_error_with_aqo,cardinality_error_without_aqo,executions_with_aqo,executions_without_aqo
988535410010893112,"{0.122344214,0.147024573,0.140277761,0.134930577,0.134388429,0.124118757,0.170971576,0.135651673,0.147188825,0.133042781}",{0.092219457},"{0.031122358,0.0271376,0.030488074,0.026549646,0.030546456,0.026882791,0.037337759,0.030289171,0.027083476,0.030281421}",{0.012401197},"{1.4385404747034312,0,0,0,0,0,0,0,0,0}",{1.172989933948849},10,1
-6651533820180303979,"{0.299926989,0.30791333,0.301040992,0.302955187,0.309987986,0.329524581,0.422545724,0.380763691,0.32349905,0.329677994}",{0.645729918},"{0.029951335,0.031402382,0.033399102,0.032897298,0.037716876,0.03492289,0.03619839,0.034407624,0.034170828,0.030118813}",{0.021289912},"{0.7277090632656152,0.21317332687276505,0,0,0,0,0,0,0,0}",{0.712949410247023},10,1
-3414057395363075461,"{0.18807648,0.174565918,0.209044719,0.173923598,0.178200576,0.197652348,0.192659373,0.19937763,0.173443262,0.19108471}",{0.179500959},"{0.01504233,0.01664703,0.01876138,0.015941811,0.014581384,0.014301228,0.015845714,0.018494111,0.017978624,0.018927085}",{0.008942713},"{1.1885889419697482,0.07701635339554948,0,0,0,0,0,0,0,0}",{0.9142991861305755},10,1
3350265702090035455,"{57.848569877,75.365586024,103.546677593,126.019947691,184.127349136,11.918691944,13.812529288,12.752544881,13.205161397,12.652652089}",{61.923453419},"{0.060619619,0.064468076,0.061139899,0.05921922,0.059927431,0.056838575,0.062317034,0.062057877,0.056562915,0.048600486}",{0.031073643},"{3.3320606482785617,1.7111492912836013,1.9462889100325833,1.635186414167456,1.339774921366629,3.999210237045266e-08,0,0,0,0}",{3.32430610149472},10,1
-917204397272063480,"{30.747608025,32.376212784,22.160783496,69.525202455,6.036748918,6.238489933,6.875398565,6.311996929,7.815594997,7.126970864}",{32.6507846},"{0.042607861,0.031872699,0.031807109,0.034897089,0.034665288,0.030317813,0.032168697,0.029860275,0.029742508,0.033402827}",{0.024932291},"{3.251750921039907,1.4715473432055728,1.861491377978739,1.0164718585744368,0.08274325329888382,0.07946027465286959,0.07617004131003072,0.07445760542327357,0.05875045365571693,0.0550729224042836}",{3.259902824746556},10,1
1693774000992751456,"{0.115397678,0.07685409,0.264609941,3.772505157,0.608490354,0.150260693,0.090953589,0.795518042,0.757918228,0.149242422}",{0.101045468},"{5.45533391,5.930616967,6.342832089,5.423627308,5.56530863,5.655792583,5.687781298,5.269707482,5.490028816,5.334262361}",{0.326566341},"{1.5424304725217164,0.868343253888519,1.3930056167094544,1.5079192220713216,1.8381502436408712,0.9460300260407903,0.7343262851028144,1.7251087697178964,1.7588177587370009,1.1509316644788863}",{1.5424304725217164},10,1
3759324545287071861,"{0.044598679,0.133363903,0.037147624,0.033881375,0.076720808,0.032789726,0.043249109,0.150410246,0,0.034484553,0.037392286,0.111383156,0.036856489,0.045471782,0.093720368,0.031276009,0.049662743,0.15714877,0.038279936}","{0.05801854,0.016410335,0.042038724}","{0.0299022,0.013036875,0.016975421,0.013533412,0.014962628,0.012624979,0.018516414,0.012772219,0,0.013161248,0.027664003,0.017715187,0.014174843,0.013638693,0.012582355,0.012335593,0.014776534,0.014223688,0.014024003}","{0.008199406,0.007962415,0.008128514}","{0.00782496443374938,0.006882892885063315,0.005930956533491011,0.005930956533491011,0.00496894659435129,0.00496894659435129,0.003996647583737876,0.003996647583737876,0,0.003013837028809166,0.003013837028809166,0.003013837028809166,0.002020285162246373,0.002020285162246373,0.002020285162246373,0.002020285162246373,0.002020285162246373,0.00101575459982958,0.00101575459982958}","{0.9639571504291518,1.0936979135279048,0.866770786988646}",30,3
816913887554954199,"{3.924841721,0.702360985,7.567669772,0.556159064,6.729218597,0.498493857,70.006438863,0.538017423,20.570524957,0.553748435,4.296719809,0.620424537,3.820449814,0.551473933,3.605882784,0.616129388,3.607899692,0.482441282,0}","{0.606398211,3.411629469}","{0.067032079,0.060758288,0.063629765,0.055685225,0.067633817,0.056340342,0.065610287,0.064947278,0.064322186,0.058533286,0.062943262,0.067561812,0.058574186,0.057952068,0.06234316,0.05852337,0.065583748,0.056650787,0}","{0.039645727,0.034399105}","{1.9313213300858472,0.406892181874426,1.3581347359238323,0.016342184067853052,0.9872171788103695,0.01992765746438478,1.8355054183887545,0.02329569200974228,1.4367876584778985,0.02329569200974228,0.06872483211695733,0.02329569200974228,0.06872483211695733,0.026471159445294965,0.06872483211695733,0.026471159445294965,0.06872483211695733,0.026471159445294965,0}","{1.7134717291975334,2.9610215129351776}",20,2
7102013096890644952,"{0.026625668,0.027218208,0.036275606,0.031126809,0.030680401,0.028072244,0.024962212,0.028669933,0.032426417,0.028494933}",{0.032654613},"{0.057197736,0.064179937,0.063522908,0.062307428,0.061263833,0.064280914,0.062360748,0.060806321,0.074472818,0.073588913}",{0.026603176},"{0.511748535947798,0.6514920980815138,0.20574819247124182,0.09406858139588711,0.011157177565710486,0.011157177565710486,0.011157177565710486,0.011157177565710486,0.011157177565710486,0.011157177565710486}",{0.511748535947798},10,1
-298514962653462987,"{0.228534658,0.213759833,0.196108278,0.237812826,0.238021729,0.227873478,0.221802912,0.240543933,0.224817692,0.227721175}",{0.245223851},"{0.074776913,0.077986785,0.060016302,0.068308695,0.062428563,0.06904103,0.06907372,0.076162023,0.065335012,0.071893002}",{0.034917347},"{0.7089813557920983,0.2302102348935062,0.03261625930198451,0.009116077839697733,0.009116077839697733,0.009116077839697733,0.009116077839697733,0.009116077839697733,0.009116077839697733,0.009116077839697733}",{0.7088554993185616},10,1
-1723239386245354632,"{0.14970354,0.112098078,0.230239899,0.158893522,0.187998663,0.25724597,0.440339944,0.470472826,0.311291672,0.257113702}",{0.126503951},"{2.68985961,2.718416283,3.075810359,2.787230059,2.916663226,2.8630972359999998,3.05668489,2.73927983,2.608688806,2.762661354}",{0.259826197},"{1.5403631501213266,0.8336708897614464,1.4192043402290253,1.0525734444038233,1.3120345066247012,1.308509133025865,1.3191640443424382,1.1613281708430263,1.2119920587512425,1.1932667380893562}",{1.5327899644973264},10,1
7221379846823333251,"{14.95379048,11.387566936,6.350537965,10.953690299,13.424332734,9.576162522,5.136099683,10.325264338,5.0821184,9.052345559}",{13.43054136},"{0.063287125,0.06814079,0.067532895,0.063224911,0.06775307,0.063985623,0.076926248,0.060912309,0.070145853,0.063506089}",{0.028187622},"{1.3622908099350044,0.7954078740563122,0.6214055239655892,0.45295066010485663,0.5863127554828836,0.21721009777767486,0.20973209172152826,0.33067238388661263,0.20666657901995875,0}",{1.3591515265775864},10,1
299267792258938541,"{0.552200725,0.812771587,0.540922671,0.509368778,0.584674887,0.562054217,0.669425885,0.592026474,0.511471964,0.556873302}",{0.630092022},"{0.069232732,0.073474537,0.058745832,0.05881514,0.066714643,0.05958342,0.07008088,0.069164305,0.059047413,0.067144237}",{0.029336093},"{2.5643505142145413,1.6700699172956812,0.840323310786694,0.007418410701362362,0.007418410701362362,0.007418410701362362,0.007418410701362362,0.007418410701362362,0.007418410701362362,0.007418410701362362}",{2.5675013835307574},10,1
-2202723705874175045,"{3.800820719,1.910223395,1.554267931,2.017688202,1.867299332,5.104957908,2.558755027,4.17837659,5.717960394,3.749040397}",{3.662609286},"{0.126969221,0.144515992,0.127067972,0.15148288,0.134109594,0.168140191,0.164979011,0.134569216,0.118750876,0.12859388}",{0.073655293},"{2.5603713362488194,1.4632417141752996,0.6556852245869425,0.5829673979634561,0.9518961464971579,0.5354067807384634,0.8216855706153675,0.7283907630736253,0.6655022926316209,0.4406546880588711}",{2.5527564547723176},10,1
316739818532851506,"{1.5783260970000001,1.702622662,2.0510791250000002,2.140375785,2.273813436,3.297544892,2.742810699,1.891932363,1.653762561,1.840119914}",{1.682216345},"{0.080022291,0.088799041,0.07472809,0.084009898,0.067700297,0.082494268,0.077142552,0.08271841,0.073071144,0.078162594}",{0.029617349},"{0.7926370450718755,0.5173148021555034,0.23502379885989313,0,0,0,0,0,0,0}",{0.7699907242129574},10,1
5596001239447068866,"{0.242920269,0.231479211,0.227606569,0.243246276,0.247617058,0.270493045,0.255137654,0.238790992,0.238594943,0.263507722}",{0.223570694},"{0.016179034,0.015452431,0.015539205,0.016054461,0.018561635,0.017440046,0.019095006,0.018794253,0.016500605,0.016629836}",{0.008923287},"{1.3805967029458783,0,0,0,0,0,0,0,0,0}",{1.3669047820049387},10,1
-4608735958739764665,"{4.238373017,11.555821534,4.426332626,4.247502635,4.262702817,5.604241299,4.568763146,4.270872237,4.29550578,4.176434121}",{4.185868214},"{0.010449025,0.012538827,0.01307102,0.015818116,0.012054851,0.01736262,0.013507565,0.012710285,0.012799351,0.014670503}",{0.008254038},"{1.973894847305491,0.881624056727714,0.04879304303063168,0.012656710941059931,0.012656710941059931,0.012656710941059931,0.012656710941059931,0.012656710941059931,0.012656710941059931,0.012656710941059931}",{1.9745674590103344},10,1
3199076743843001296,"{72.909846578,126.157511098,81.235836097,4.095303186,14.346184549,4.208794541,12.984383505,4.531673776,7.197804171,4.189872351,7.426987025,4.138137869,7.706247616,4.679231753,7.339159234,4.171544268,7.228360744,3.832217239,0}","{13.915730472,22.705338743}","{0.035870395,0.03622083,0.033891235,0.037446766,0.038893761,0.034469224,0.032832015,0.035873141,0.030074011,0.035771694,0.033761901,0.032912501,0.029988731,0.033772901,0.035793394,0.03006223,0.034865427,0.030395884,0}","{0.036135254,0.021442038}","{1.7112806277992323,1.0344715849365766,0.823033429126607,0.07457394603529457,1.1709988414712025,0.043292032714465606,0.3131040473289238,0.015757255969500936,0.025332629687260855,0.015757255969500936,0.023058097933750105,0.013484278208821268,0.023058097933750105,0.013484278208821268,0.023058097933750105,0.011125507709893331,0.020699327434822168,0.011125507709893331,0}","{3.845746069233334,3.2764425990279538}",20,2
6624959997497422723,"{0.75495219,0.394256681,0.329761093,0.317095478,0.423541563,0.290848353,0.269557362,0.271143765,2.237478677,0.461590175}",{0.707785173},"{2.745790495,3.013939032,3.165094526,2.716211926,3.0637817529999998,2.830541155,3.2054443519999998,2.892359433,2.719334595,2.735132423}",{0.23906638},"{2.4010505065142653,1.4424163882449963,0.6289536068956549,0.6837841405690412,0.4765141085357257,0.048095877690801106,0.04443010154448092,0.04443010154448092,1.4641363961282914,1.1361648585727506}",{2.406219884205751},10,1
-7994933085961275538,"{0.072524433,0.049065553,0.113735665,0.04557974,0.055757254,0.045003537,0.050960914,0.063486233,0.052643835,0.044397546}",{0.06150476},"{0.247884245,0.251372277,0.298063222,0.249417624,0.26560718,0.257100965,0.277216788,0.261698524,0.2530898,0.244345268}",{0.112263552},"{1.2309663549421606,0.4488591341241532,0.7511426682024801,0.1376098274144958,0.10889862967408026,0.07445368912472743,0.07445368912472743,0.0055638080260217715,0.0055638080260217715,0.0055638080260217715}",{1.2250964623525946},10,1
-5459870143170781696,"{68.510511905,77.137391619,0.602911633,4.504680895,3.869259734,4.364101917,3.862840914,4.330070612,4.11123834,4.139670531,3.961107394,4.019677923,3.858201706,4.318755441,3.815603842,4.182778443,3.929667929,4.041312659,0}","{15.759685481,13.876984362}","{0.035678607,0.030531131,0.03154583,0.038679727,0.03268526,0.034990753,0.034280473,0.030541653,0.027725109,0.034792469,0.033841853,0.031717795,0.039865838,0.033408872,0.035844213,0.035593538,0.030721375,0.034022717,0}","{0.02105961,0.020083587}","{1.5507445173822676,1.2372845814769762,0.6889514642516674,0.2240629414094638,0.4704584877222342,0.058922830756255234,0.044948618621786424,0.04270338103843746,0.042675640861106756,0.04270338103843746,0.021646126072280947,0.02167386624961165,0.01928735557335301,0.019315095750683714,0.01928735557335301,0.019315095750683714,0.01928735557335301,0.019315095750683714,0}","{3.252688671846719,3.620419254696374}",20,2
7420183357700622221,"{1.418700761,0.241662908,0.142000462,1.548461353,1.4013162989999999,0.282506846,0.152236744,1.4546794,1.064854942,0.242428596,0.15792363,1.6314347759999999,1.096598783,0.233085902,0.165907624,1.315329947,1.079488562,0.291158769,0.172858601}","{1.802838068,1.525984075,1.44138407,1.93522857}","{0.014486736,0.009475725,0.012445178,0.014575821,0.012611589,0.012684002,0.011135639,0.01246754,0.013824385,0.014262062,0.015542188,0.013958131,0.011940209,0.014446353,0.015165742,0.014563207,0.013595455,0.01369085,0.014058552}","{0.008246298,0.007568132,0.017945857,0.007526464}","{0.06118112035897929,0.16763669868970787,0.7878534196140361,0.05484426541345072,0.06118112035897929,0.1764167416611934,0.7783224016336037,0.05484426541345072,0.06118112035897929,0.1764167416611934,0.7783224016336037,0.05484426541345072,0.06118112035897929,0.1862319946325587,0.767786350067821,0.05484426541345072,0.06118112035897929,0.1862319946325587,0.767786350067821}","{3.9054411810908274,3.8950119965656556,2.1536961241559784,3.0059238528781917}",40,4
2103229838344518222,"{0.085340262,0.04236558,0.169492136,0.050179563,0.045755016,0.046108463,0.087322937,0.043601133,0.041594005,0.049635261}",{0.039706396},"{2.58566179,2.674385982,2.734643939,2.653617271,2.677434233,2.6617517619999997,2.721032916,2.797971774,2.877732805,3.051557504}",{0.235267215},"{1.6326468404106098,0.8326618538214375,1.3810400201757527,1.133832966116405,0.29276908207833313,0.49056892449984263,0.6452820220943342,0.010447426204222328,0.010429483834734521,0.010417527260898618}",{1.6281108968438895},10,1
-6682106289455670140,"{1.282480964,0.851758158,3.397002378,1.546746366,0.818402192,0.961242999,0.701288006,0.688689263,0.621310351,0.62958254}",{0.655136621},"{2.811949457,2.875626254,2.879362466,2.728868151,3.083717021,3.09395569,3.148560725,2.883148905,2.867428351,2.932583984}",{0.240215101},"{2.201113965961622,1.3946476381365374,2.336010746992691,1.4713200285432104,1.1673392308177388,1.2956558009463417,0.5278735389357051,0.6454131264590368,0.005135822793250866,0.005135822793250866}",{2.201271348664983},10,1
1076878163750528468,"{0.200372844,0.18616562,0.198441505,0.19489357,0.195511273,0.20311921,0.229154159,0.217920036,0.201679035,0.190512302}",{0.227341626},"{0.256086166,0.283327817,0.295364249,0.247054078,0.32969127,0.257174126,0.317258754,0.29957296,0.246509746,0.242226583}",{0.122822362},"{0.6192331493587552,0.40901614864473607,0.40901614864473607,0.3765789399960829,0.2598508195647553,0.24945678678216512,0.3974915796361694,0.00578324915244429,0.00578324915244429,0.00578324915244429}",{0.6014326531508983},10,1
4184495773567888797,"{0.114713899,0.070135136,0.076111315,0.050431585,0.049547949,0.052846005,0.056374623,0.046504628,0.061858494,0.049271977}",{0.105782751},"{0.139021612,0.146978817,0.111790904,0.124506907,0.134018462,0.119884403,0.140176202,0.161376785,0.143447263,0.141528751}",{0.067144569},"{1.913882552197327,0.6203755382764422,0.9706791156081339,0.35970987868965787,0.07197779511679664,0.04902949605624564,0.04902949605624564,0.04902949605624564,0.04034751716129541,0.04034751716129541}",{1.9151108893880926},10,1
146477119612211947,"{0.38393366,3.792519613,0.53434853,0.374583406,0.058143656,0.297168546,0.082446985,0.062293943,0.083217362,0.057570057}",{0.370756443},"{0.348041427,0.324465148,0.351600495,0.379242025,0.354178761,0.370881361,0.348218538,0.387240462,0.331325078,0.344751822}",{0.164499193},"{1.4622926340965392,2.0105195925663017,1.4216142807268595,1.682185544466262,0.598012840851464,0.8836600154722829,0.7775335299777578,0.29746338927215293,0.5362599077975012,0.42183648620672803}",{1.4318092830185192},10,1
7915967579038312663,"{21.087580558,8.985932503,45.204398762,56.940068521,14.160760899,43.660550061,13.123467556,11.323408305,10.082372805,10.151268521}",{21.119092584},"{0.224827407,0.184202411,0.224320135,0.209284503,0.218200086,0.209276895,0.214664602,0.200198342,0.200875328,0.181336613}",{0.093813767},"{1.8160214152887981,1.0073121531840992,1.6259693040389396,1.2427320462304956,0.8253245273615648,1.1940451860482073,0.582788951673273,0.06415272608835715,0.055497584664840977,0.049317775289975024}",{1.806560646696636},10,1
-2444720784039749802,"{2.9160163,7.659969703,3.121735451,7.845703628,3.051892037,8.20737072,2.932897775,9.412581856,3.046713317,8.751647768,3.223094326,7.958769693,3.116992495,7.651215281,2.908558181,7.964584591,2.803219759,7.780866575,0}","{7.742109063,3.031703069}","{0.038081208,0.027941172,0.033917837,0.027541909,0.034932689,0.03698115,0.036695709,0.03383136,0.036693543,0.031962777,0.0320982,0.032899474,0.031860153,0.032070875,0.032166552,0.028113863,0.036550151,0.029362211,0}","{0.017429642,0.017293416}","{0.7050887051263712,0.07050881971750589,0.6416307239467235,0.12762107644246856,0.5902297438835311,0.173881977304306,0.5485949683128711,0.21135322788245348,0.5148707249750721,0.24170491207904332,0.48755417411729185,0.2662898764621443,0.46542776767835636,0.2862036466014576,0.44750536986365896,0.3023338146088411,0.4329882099354858,0.3153992598892722,0}","{0.28172228814752115,0.9868109932738923}",20,2
1038524182031953798,"{0.148416356,0.282100522,0.092832627,0.13895847,0.110727877,0.079382728,0.095412189,0.095600225,0.141998204,0.098403168}",{0.122742503},"{0.141711288,0.116586051,0.140763323,0.13065315,0.115622488,0.126484968,0.149843477,0.146770781,0.132376317,0.113628541}",{0.063507189},"{2.2470962908767365,0.8033871635544572,0.7657167243642224,1.1527869361312295,0.9695202877480265,0.58907352942564,0.5431756876498085,0.1455310543214891,0.5893260261171698,0.5316254927999129}",{2.243491368929793},10,1
7100159318594498086,"{0.696337532,1.120083081,0.678354537,0.724285643,0.692395034,0.769491243,0.694613808,0.694601328,0.705014328,0.726198624}",{0.710038249},"{0.069178591,0.079166858,0.077495792,0.079317158,0.065476298,0.077174289,0.077519681,0.077850954,0.076804796,0.077450691}",{0.031588127},"{0.752877667691463,0.32954638795470204,0.06378636705132172,0.00959587141020814,0.00959587141020814,0.00959587141020814,0.00959587141020814,0.00959587141020814,0.00959587141020814,0.00959587141020814}",{0.7597249442579243},10,1
9105500078934324812,"{4.152807818,6.351433323,5.613145036,4.644574288,5.894388958,5.503991728,8.379481985,4.624465921,3.899884576,4.522122447}",{4.501702842},"{0.133260459,0.115719537,0.141595528,0.131530918,0.113457802,0.124520526,0.115094507,0.129060658,0.107395773,0.119076044}",{0.049815253},"{3.2714957946642462,2.3567377536561667,2.40461078539058,1.5146159811129212,0.8856530122073651,1.107895153894397,1.04829685152787,0.9880663042962917,0.06009105267911469,0.0641516872717839}",{3.2617403692854237},10,1
-4983731566966487840,"{0.38741996,0.341410249,0.420303854,0.372540205,0.444118325,0.393654489,0.327248629,0.372061276,0.359814396,0.362520964}",{0.392135868},"{0.130172004,0.133762744,0.130827905,0.108348076,0.118751876,0.139591069,0.120831297,0.130831855,0.112039565,0.109999812}",{0.072953843},"{0.6428003925414563,0.05867350863298248,0.09728923321471243,0.051333000069779706,0.051333000069779706,0.0945755698159691,0.0945755698159691,0.06931471805599451,0.06601401719618526,0.006358637744024882}",{0.642801197752784},10,1
-5951735317690032369,"{0.245688419,0.290840001,0.501056029,2.034492359,0.252189221,0.480273368,0.378542513,0.304520367,0.262599087,0.259309691}",{0.209910648},"{0.056667817,0.067557147,0.062915168,0.051981386,0.068219552,0.059755605,0.05354941,0.054729472,0.049912469,0.053713844}",{0.030355575},"{2.4856144705122487,1.0627335622234133,1.748799436354241,1.8802028526458632,0.2768888832979644,0.18108269471210697,0.16742909540265638,0.16742909540265638,0.16742909540265638,0.16742909540265638}",{2.4837804320211876},10,1
2494719406442254794,"{10.520800387,10.446168508,11.752096792,10.698405579,10.577290486,11.428581494,12.705322197,11.65913695,10.813101089,10.62113261}",{12.046962067},"{0.02649029,0.026164651,0.029146651,0.027281656,0.027531029,0.028043122,0.029980468,0.032641194,0.028543942,0.022883572}",{0.016216956},"{2.001423011685234,0,0,0,0,0,0,0,0,0}",{2.0122217304788115},10,1
-5845388691995996195,"{4.899459638,2.338257085,2.071002213,1.892287646,3.496536063,2.095805839,1.973687591,2.3398445150000002,2.000238259,2.431808576}",{4.218600701},"{0.105327989,0.111398068,0.119746781,0.104310583,0.104556852,0.121868906,0.115048246,0.107516458,0.103278518,0.121582536}",{0.050776502},"{3.088559543541104,2.014135434859255,1.1910880524374399,0.7889495538238787,2.240696721505956,1.426081693912901,0.7279122241464162,0.0660883837268321,0.026949825036634352,0.026949825036634352}",{3.0700955310659936},10,1
-4506995590541967356,"{0.253521505,0.262814762,0.228168936,0.25990133,0.232162904,0.241728656,0.253743207,0.320531611,0.257759501,0.270232424}",{0.232345341},"{0.068815987,0.06866334,0.06445057,0.065139918,0.067484499,0.072886054,0.065061496,0.070991935,0.070244134,0.073105082}",{0.023092159},"{0.9858526896212094,0.15246765807072693,0.007027968032869606,0.007027968032869606,0.007027968032869606,0.007027968032869606,0.007027968032869606,0.007027968032869606,0.007027968032869606,0.007027968032869606}",{0.9858526896212094},10,1
-3475685009172437784,"{0.164249551,2.2684383329999998,0.289282007,0.783232839,0.205142942,0.492737497,0.288731213,0.175103144,0.62300954,0.225110944}",{0.166201609},"{2.311889876,2.343174439,2.686983418,2.588178814,2.343232931,2.542764406,2.361605412,2.310748315,2.376651029,2.528990956}",{0.229036417},"{1.8054069463522961,1.8545442429263732,1.0476895462873215,1.2534922968212698,0.6690217153911925,0.45403976374134103,0.4017662974644107,0.06654588994115378,1.0021834815679762,0.29481485779904826}",{1.805439166482242},10,1
5068614643165729469,"{0.630638863,0.57745137,0.627864765,0.555666318,0.608677036,0.686547401,0.533285803,0.582350252,0.592279782,0.775420317}",{0.583981285},"{0.215125742,0.192227093,0.237408449,0.213979199,0.263160243,0.208138115,0.245899321,0.259097728,0.19806886,0.211795519}",{0.080545562},"{1.5570532081643145,0.6536382130796299,1.0821466017822663,1.0744898060916186,0.3243143601995453,0.23755729713943313,0.3670631714563781,0.8200419304326888,0.5467339480906709,0.4988827690126563}",{1.5390237133768805},10,1
607840843579539521,"{5.219155925,8.616712029,9.089963677,69.43374121,77.107943168,85.396478883,3.286759256,3.363301258,3.129659901,3.126350622}",{4.929139821},"{0.070801037,0.05930743,0.065090813,0.054037723,0.058999795,0.059189109,0.063126584,0.064213941,0.057383048,0.065799731}",{0.041782774},"{2.9258059555819376,1.240768739881454,0.9884125587763971,1.766171441507372,1.5967703443354073,1.1779656602655142,0.022525839339342473,0.022525839339342473,0.022525839339342473,0.022525839339342473}",{2.916295119301417},10,1
-1829334865866162189,"{0.661255172,7.036277173,0.873399465,0.776116788,0.656097681,0.65660939,0.659479814,0.610020214,0.597170362,0.569553382}",{0.754763002},"{0.090770495,0.091079532,0.078472452,0.07189183,0.093085971,0.086662238,0.092815628,0.07776519,0.083240677,0.074549908}",{0.03805723},"{1.7547613880747803,2.155253191534645,0.6005785644254923,0.18392414984278244,0.05413059736608343,0.05180459658433878,0.04958200845579709,0.04958200845579709,0.04745402773485729,0.036296850169146806}",{1.7081816069650375},10,1
-2924466581088026648,"{0.258389843,0.307318305,0.256659211,0.260102555,0.208171686,0.23728711,0.251579613,0.259329245,0.208765596,0.200058939}",{0.222305787},"{0.038826764,0.044393866,0.04852927,0.045012284,0.039708808,0.045283381,0.043649981,0.043169777,0.040968522,0.036332967}",{0.015917288},"{1.1707413927380363,0.18452070525821238,0,0,0,0,0,0,0,0}",{1.1605839596444254},10,1
-310926232940389306,"{0.970198838,0.929268117,0.911416625,0.869877957,0.939902016,1.104224504,3.426628707,2.224930119,1.347413976,2.637383337}",{1.036223642},"{0.143742311,0.138406098,0.154809555,0.123075081,0.126452942,0.146573173,0.138181145,0.156688726,0.13773766,0.138004469}",{0.054157406},"{2.0780530832678195,1.3109818315176525,0.6383118121893305,0.5847009762727255,0.7725387885965379,0.705134923087932,0.5625687467156409,0.8855967284693144,0.7002583540978207,0.8011955999762599}",{2.071322862143244},10,1
-321921298358758659,"{1.609796943,1.6630349340000001,1.60146138,1.5933847349999999,1.59046557,1.671459943,1.723241418,1.614746062,1.568539924,1.463755941}",{1.527910267},"{0.104317052,0.115035103,0.104609831,0.109108911,0.110382098,0.102903232,0.113462431,0.109435105,0.102413916,0.135564222}",{0.068808594},"{0.979949924050742,0.5192176136938427,0.11910349029550008,0.4266557341465333,0,0,0,0,0,0}",{0.9774225272725455},10,1
-1944885556475480423,"{29.707523916,47.763278051,84.631023328,115.691308266,9.789204899,9.101326827,9.423291477,10.23958312,9.152771446,8.894952446}",{30.695701912},"{0.035559817,0.033360842,0.031079487,0.042904832,0.034973062,0.036850582,0.037292379,0.038476279,0.031497823,0.034629841}",{0.021074095},"{3.242743510169673,1.4625399323353392,1.8470002631019458,1.0114129826521687,0.008345757030147824,0.008345712039032657,0.008345712039032657,0.008345712039032657,0.008345712039032657,0.008345712039032657}",{3.250895413876322},10,1
-4209927756710409746,"{0.054140784,0.038060749,0.045336509,0.036646992,0.040795277,0.040085987,0.042042142,0.046005366,0.039831055,0.040618024}",{0.054635875},"{0.127305476,0.128291686,0.146727159,0.136464645,0.134806599,0.133735612,0.139257162,0.12338119,0.120254912,0.133098472}",{0.064248007},"{1.178803739775107,0.325758320916008,0.24341060118770758,0.14426186362022891,0.00414339890426808,0.00414339890426808,0.00414339890426808,0.00414339890426808,0,0}",{1.1778150735156578},10,1
274192810335693858,"{0.423415354,0.469119779,0.408117036,1.5793900939999999,0.366745073,0.393809379,0.443280276,0.462735308,0.412123535,0.370706693}",{0.405362991},"{0.064432624,0.06016707,0.055386991,0.071496546,0.057482493,0.058125131,0.059009437,0.05901717,0.058191613,0.06369331}",{0.026948332},"{2.2618705183148453,0.6553565574705815,0.9348783756329817,1.341537088053915,0.0459265873991371,0.007418410701362362,0.007418410701362362,0.007418410701362362,0.007418410701362362,0.007418410701362362}",{2.268423774389888},10,1
-2216088972165640435,"{0.769038354,0.543576954,0.899349816,0.842364792,0.905077422,0.83568203,0.914315932,0.919166833,0.859062762,0.904360126}",{0.740844424},"{0.207512354,0.191749315,0.200259479,0.192873515,0.207272247,0.215939072,0.258808344,0.232609828,0.227332036,0.227843069}",{0.066249537},"{1.0859429024682612,0.7748339686464316,0.3928196072328209,0.3484096825956385,0.2990568732731865,0.1126203115411229,0.16232256447534332,0.10749930999084532,0.009701893535400422,0.009701893535400422}",{1.0839227138091432},10,1
6417179009749033666,"{1.25162015,1.079511432,1.42302435,0.836020019,1.372523275,1.019000182,1.13519055,0.970904305,0.91035994,0.795330894}",{1.189677988},"{0.060465748,0.06141847,0.062287653,0.060960735,0.062140291,0.070293077,0.064980552,0.070008405,0.072019475,0.066178439}",{0.026752354},"{2.349138072457279,1.0705198931566184,1.0313856194068696,0.24283232741522198,0,0,0,0,0,0}",{2.3277529113345015},10,1
-5949668645089970217,"{2.145588528,3.1140622000000002,2.645113494,2.006640664,5.186237926,0.843265485,0.832238846,0.823274427,0.905202341,0.847588791}",{2.1523886},"{0.292521972,0.290523672,0.285525133,0.273039833,0.29981473,0.292005183,0.343784024,0.281596189,0.272556853,0.277553454}",{0.115165974},"{3.2640331826608087,2.62654832170879,2.4754961321323568,0.924846021737181,1.1621858153960316,1.6903764610093643,1.006065388012143,0.654804769642381,1.742068061676327,0.7466334201903702}",{3.275497454934641},10,1
4486446217020337985,"{1.56804039,1.486148874,1.481704902,1.518162461,1.466044919,1.631077761,1.6357201209999999,1.6087692260000002,1.495782647,1.432009949}",{1.528659229},"{0.136171986,0.141650198,0.129193894,0.120303044,0.14304314,0.144844536,0.14150805,0.130001715,0.141028789,0.125895263}",{0.06791787},"{1.261564042183731,0.5357364520099833,0.7652848496470883,0.3272096032612243,0.06622549198079115,0.18346106216953756,0.006358637744024882,0.006358637744024882,0.006358637744024882,0.006358637744024882}",{1.256318028287614},10,1
-7110568913434103698,"{0.985996124,0.826544059,0.724207285,0.820448671,0.318203055,0.677659532,0.328624047,0.689360807,0.366304547,0.506522002,0.350713981,0.740253474,0.3791792,1.309840426,0.350626279,0.738546275,0.331307517,0.608100404,0}","{0.717612059,0.391464255}","{0.262374554,0.321952123,0.28580286,0.311096795,0.287270104,0.282719669,0.267503607,0.323659957,0.32082716,0.269980118,0.281331822,0.285570916,0.335353098,0.346311462,0.30670976,0.290408035,0.265471629,0.292722572,0}","{0.125596739,0.123701089}","{1.938205633749942,1.2814349301922954,0.9946649708803512,1.4662644258111817,0.4963189807071771,0.5046620743909629,0.4566658688980853,1.2844527718664578,0.3614763115627925,0.9512022349409617,0.312189893728135,0.7451882956592688,0.2502884355575926,0.7524277594999101,0.05616905139319596,0.8944747741386058,0.012823212662404937,1.3348024752101708,0}","{2.7356802331007746,1.719925917458242}",20,2
6841805925482126349,"{4.555645951,1.262030311,0.526173051,2.369859129,1.201896648,0.60800965,1.048683061,2.468224356,0.460506854,0.938218842}",{4.391486147},"{2.286164613,2.375504685,2.409593239,2.42685779,2.271842687,2.36116506,2.568123579,2.317708788,2.283812676,2.490150984}",{0.229240909},"{2.789918386564872,2.0003985705366354,1.473748515555776,1.4835173486421798,1.4966856776624897,0.8394672060642212,0.8373403104175784,0.8563584970615582,0.19398711643122246,0.78113461486517}",{2.7959506321135543},10,1
-9026514954839072455,"{0.335855481,0.276851086,0.280841488,0.241339031,0.38286562,0.348838874,0.298499031,0.269661386,0.286669147,0.219880637}",{0.262659342},"{0.058730855,0.06120279,0.061308283,0.062210527,0.074556367,0.089951737,0.063876219,0.064199342,0.061705535,0.059222551}",{0.027526566},"{1.6346353227196684,0.9569498558169123,0.28756387403187944,0.2207530451895834,0,0,0,0,0,0}",{1.6174860406688008},10,1
-3515944407635664271,"{0.071221728,0.130390373,0.067549226,0.05471873,0.051490429,0.105257614,0.066224034,0.055869496,0.05754719,0.109420119}",{0.072974567},"{2.984446042,3.2586919930000002,2.953278578,2.928451585,3.139708728,3.048076528,3.332209037,3.149780565,2.886054422,3.209086048}",{0.319505973},"{1.3658906348276003,0.43592630006894667,0.42915639421337803,0.27027369895585057,0.13433265705421346,0.027358398042309374,0.18501115174444877,0.027358398042309374,0.04002918267068951,0.034331634020878424}",{1.3568068173982142},10,1
-4074774145614403639,"{0.106942083,0.118683229,0.118959169,0.1207814,0.113163312,0.107045355,0.134230333,0.141399564,0.116843367,0.112057599}",{0.102336101},"{0.013400067,0.012915971,0.015385219,0.015940751,0.0149955,0.013221916,0.018297187,0.017166825,0.014328838,0.013782987}",{0.007497898},"{2.3830577642444,0.15995704166767968,0,0,0,0,0,0,0,0}",{2.3585355808836677},10,1
5539820102114296223,"{0.3615448,0.309916468,0.355175293,0.347739306,0.459265974,0.395714865,0.345139213,0.422489259,0.327145997,0.335957965}",{0.27461366},"{0.014200433,0.015204189,0.015115778,0.014423146,0.015453332,0.015047642,0.013547447,0.015332114,0.011763746,0.014318992}",{0.008320263},"{0.5808833596851326,0.013353139262452251,0.013353139262452251,0.013353139262452251,0.013353139262452251,0.013353139262452251,0.013353139262452251,0.013353139262452251,0.013353139262452251,0.013353139262452251}",{0.5808138911168645},10,1
1025902338300761143,"{0.774802351,19.996748617,0.876372319,0.575823743,1.039893292,1.068832904,0.423507619,1.823674091,0.286884688,0.361804457}",{0.515495569},"{2.441377351,2.611679689,2.566906821,2.414317622,2.435129225,2.680967199,2.351778167,2.478267338,2.3584560310000002,2.480425112}",{0.232373179},"{2.6268837611214613,2.366887759768517,1.1975051445537706,1.3638560046433283,1.5350431794788688,1.0014847265458076,0.6821146665000635,0.9048741875258061,0.37116989123005806,0.8764234252589972}",{2.6208290271249375},10,1
-2787191317670660246,"{0.333680091,0.072065235,0.059719231,0.069112926,0.053837325,0.06522702,0.057816522,0.067190156,0.070448682,0.075598379}",{0.305492804},"{2.925812822,2.967093963,3.058376835,3.027184187,3.41312267,2.918934706,3.661003526,2.90450073,3.122949606,3.192230042}",{0.309522232},"{1.5795787950818831,0.7419314804519378,0.7019205622836774,0.18372608567052964,0.005881340541740473,0.005881340541740473,0.005881340541740473,0.005881340541740473,0.005881340541740473,0.005881340541740473}",{1.5725590497240471},10,1
-1573023350148659030,"{0.554126163,0.746866765,0.175892704,0.706500687,7.470892759,0.609314299,0.408398908,0.468676064,1.183186954,0.462708761}",{0.459485023},"{3.63403242,3.730652929,3.61557,3.594643947,3.73075163,3.864759673,3.860892474,3.869509444,3.545091066,3.6980012049999997}",{0.302154806},"{2.6327743304268885,1.2280549970855843,0.5990348876207076,1.455977522795337,2.3817904708011812,1.6083596788568253,0.89099683443056,1.1259372953840763,1.2743306937750989,0.38847152721917194}",{2.641748545130221},10,1
-6387362809141986757,"{2.220345255,0.555818527,0.531262918,1.040824219,0.583171928,2.121878913,0.675230567,1.452108297,1.5431312560000001,2.678422144}",{0.807999646},"{0.122320837,0.145353929,0.145379388,0.132988394,0.136265695,0.141029094,0.149403191,0.126372864,0.124715396,0.126878738}",{0.055327931},"{2.3954630709645826,1.7378396240924872,1.1216152979303642,1.4643265294061516,1.1734906767028817,1.214123442927996,1.1359002411629415,1.4478038866172849,1.286032782263489,0.8573251603349572}",{2.3886479904431823},10,1
2434959201386717317,"{7.223790111,2.965400253,4.495391552,4.33403434,2.539324518,2.537211542,2.672131041,2.506383686,2.436359044,2.3432562519999998}",{7.515619347},"{0.068692905,0.096632925,0.087070546,0.074651175,0.071684275,0.07329901,0.088946195,0.091129708,0.077458701,0.08503321}",{0.044837478},"{2.7081415485297393,1.234066719112586,1.3772096139713532,0.7129863719359856,0.035688725716812496,0.031686188004457216,0.027980789396771132,0.026226223406207616,0.02289165468127401,0.021304219765544995}",{2.677703405265149},10,1
8031722090065659855,"{0.618944041,0.481030242,0.537455736,0.553918373,0.549946657,0.622647213,0.545312292,0.560249904,0.525844086,0.583695926}",{0.488833485},"{0.012823442,0.015694751,0.01498732,0.013712013,0.014559153,0.015899319,0.012988471,0.012812467,0.013085158,0.012967421}",{0.009232424},"{0.40518555432315545,0.013353139262452251,0.013353139262452251,0.013353139262452251,0.013353139262452251,0.013353139262452251,0.013353139262452251,0.013353139262452251,0.013353139262452251,0.013353139262452251}",{0.40511608575488756},10,1
-2080431693778951356,"{5.34317634,3.968444436,0.333922037,0.339070552,0.306962108,0.315378784,0.340639473,0.331245517,0.342906279,0.323145006}",{5.114340974},"{0.23935142,0.220221265,0.225577722,0.218974704,0.233515703,0.24609758,0.218874479,0.222877916,0.230697955,0.218547952}",{0.088413826},"{2.21704746995784,1.411693824288403,0.9006532908316146,0.512491801118575,0.5867171184583572,0.627649067118126,0.3188489756919291,0.30662838235617806,0.43215264217449917,0.28687124989213403}",{2.226180590299462},10,1
3549109824785540005,"{0.842704011,9.261012979,8.027502744,4.420161232,0.999620349,3.699933305,5.546183114,0.879314672,0.777897232,2.817061509}",{0.406371562},"{4.960744223,5.022256778,4.883644574,5.266567259,5.265576451,5.507284253,5.393149609,5.28778175,4.984311597,5.155183537}",{0.356635173},"{2.2146204407433876,3.003896559083092,2.9551891106661676,2.6464959161662787,1.539804346151268,2.031762928809804,2.230387085198161,1.6604194237256742,1.533178092942035,2.0633592933458846}",{2.2127081630636343},10,1
-8754961486292191806,"{0.108202995,0.092544838,0.100169454,0.075908431,0.582642153,0.382309053,0.145327649,0.138298464,0.07338532,0.066615442}",{0.344137215},"{0.056378488,0.067725681,0.06673185,0.071152357,0.072199386,0.078755463,0.069466639,0.081948769,0.069486984,0.074629679}",{0.031303562},"{2.0266489526304428,0.43872606500558786,0.4948769215939617,0.8602993997595306,0.1246515913267005,0.18232788759441482,0.04863715207521666,0.04863715207521666,0.026111312735874193,0.026111312735874193}",{2.0280065884728677},10,1
-180252288200201541,"{0.710043648,0.490855756,0.540753193,0.619315551,0.594534861,0.588900213,0.583515906,0.555489726,0.494857518,0.525834341}",{0.606999314},"{0.066914832,0.070086935,0.064775653,0.070040622,0.071756857,0.068093333,0.067160649,0.079205523,0.071442839,0.063758961}",{0.026972636},"{0.9199219699567942,0.26832833334136885,0,0,0,0,0,0,0,0}",{0.9013587731511838},10,1
-6846011022746249658,"{0.058619026,0.067071717,0.095844455,0.0449158,0.047163583,0.075555882,0.039446555,0.053543639,0.052470342,0.052408726}",{0.048494794},"{2.853911467,2.867745828,2.922703651,2.839977674,3.025765933,3.062636108,3.159447779,3.079000674,2.936347419,3.134682201}",{0.275695063},"{0.29520293930908925,0.19990405172550457,0.5069956331917144,0.39240523133801897,0.29795912947805,0.08684844658497003,0.005524895660422869,0.005524895660422869,0.005524895660422869,0.005524895660422869}",{0.29227780568324296},10,1
-5323664899700589841,"{0.09204111,0.076973285,0.258202102,0.171284889,0.092865738,0.260398156,0.438042254,0.182911783,0.192349427,0.154459953}",{0.088466682},"{2.801476953,2.715424868,2.860713508,2.698271418,2.833391168,2.966497597,2.710695796,2.739062734,2.934770067,3.035935165}",{0.25785334},"{1.6063487338708757,0.9455454888654378,1.2509989293193764,0.5451385184782297,1.382659483198811,0.447109591668465,1.2573894862178585,1.3476497303462085,0.48796136042516636,0.9634930092039886}",{1.597024116467419},10,1
2399599952233934428,"{6.080296151,8.488824537,8.905867148,0.666740831,0.63888652,0.687814632,0.860414826,0.723319749,0.761951494,0.796700723}",{6.073544996},"{0.313136017,0.329415274,0.3283946,0.338216144,0.372762803,0.390170851,0.324160427,0.325107435,0.337819211,0.376704406}",{0.165729236},"{3.539725004443481,2.452663913326219,2.0124968304486646,1.5642698372283441,1.4505007537044696,1.7554494691123648,1.4067216535710347,1.1588359342371723,1.1452368999192473,0.6027793325767794}",{3.5307781971018932},10,1
7721649514993682563,"{0.577230561,0.107199179,0.166717607,0.20232078,0.254407208,0.102928077,0.19171472,0.104108915,0.618613558,0.163896966}",{0.616712563},"{3.000969957,3.245442034,3.131269919,3.122933847,3.073350961,3.296617505,3.022426863,3.251294921,3.116474119,3.008640363}",{0.272856734},"{2.3747310293776134,0.5684159995671499,0.6557479320350365,0.19224829234625967,0.31318989438979317,0.40714761280058615,0.16408889699844803,0.3966333261516957,1.2179791473906252,0.4708818809526352}",{2.354781792759325},10,1
-3485514449383768787,"{4.356861625,0.597341894,0.524800773,0.546653821,0.518720643,0.519108678,0.54940924,0.5955859,0.509973342,0.510491826}",{4.034365932},"{0.040918439,0.037366637,0.041199143,0.039267242,0.039085061,0.041183162,0.040438876,0.038404321,0.041497765,0.03470637}",{0.02518585},"{1.7912005915162452,1.3277217055659978,0.28737575611080535,0.025341569256760288,0.025341569256760288,0.0215525303932331,0.017980129528236327,0.017980129528236327,0.014600928198844093,0.014600928198844093}",{1.7803381025886513},10,1
-196995888411579451,"{4.8678588959999995,0.263934302,9.394708858,0.25923022,5.020880121,0.245593013,4.692672969,0.301891013,4.845210368,0.281466715,5.494007596,0.263001209,5.411690934,0.29702333,5.159624378,0.246188572,4.347306227,0.266114483,0}","{0.236573822,4.339616335}","{0.013734367,0.013339635,0.014562045,0.01414812,0.015595069,0.013624539,0.013388066,0.016092453,0.016235471,0.015450543,0.013960575,0.013351221,0.013208597,0.015076853,0.013643606,0.013489076,0.012346122,0.013458259,0}","{0.008739955,0.008363693}","{1.4447017841594079,0.02504878977397405,0.7697306049764955,0.07379325610061672,0.16913529812217218,0.0849208721526603,0.1633858921649262,0.09473612512402557,0.15295563025209233,0.09924172689654855,0.14819242909876332,0.1035161680955111,0.14368682732624033,0.10758201510963045,0.13941238612727777,0.11145868307920487,0.13941238612727777,0.11145868307920487,0}","{1.666944024587275,2.3222266528280944}",20,2
1524343667767028728,"{3.911625023,4.49112202,5.08084634,4.380841611,16.309265096,1.501278307,1.049924384,1.01277589,1.110679138,1.337960363}",{3.946236975},"{0.313585421,0.26781866,0.259783144,0.277248687,0.295367413,0.26151255,0.417314514,0.328292091,0.258098825,0.29067437}",{0.127258492},"{3.281969352694481,2.5313951411130455,1.7936435965252782,1.9902319544220932,2.222857130625994,1.8936086660532414,1.0946737087522203,0.6674416669139402,1.8125546793353733,0.882644000047618}",{3.283456952145627},10,1
-7678011977838348522,"{4.262370858,11.582354923,4.58311319,86.443738187,3.44578908,2.257100543,1.821289945,1.996703132,5.690608922,2.276858424}",{4.388981779},"{0.079112186,0.067879015,0.072485004,0.064861528,0.079644016,0.073659419,0.066483753,0.073002351,0.071642187,0.075027441}",{0.04016719},"{1.669202562889457,2.6306556985296385,0.4466906648386127,1.6120130088919857,0.7393779542565885,1.470371671062727,0.4039217258614378,0.3269727834825982,0.9593944702149209,0.4234783839398956}",{1.6694710167274287},10,1
99813637196177449,"{1.189699569,1.18135958,1.149274225,5.77467139,2.114261769,1.5932632500000001,1.188828567,1.087148254,1.064657818,1.216329229}",{1.195992802},"{0.045560531,0.044723513,0.039743525,0.0514152,0.047908771,0.042333396,0.03892543,0.039957466,0.038287121,0.046221903}",{0.020649549},"{2.141264186902506,0.14070573741290596,0,0,0,0,0,0,0,0}",{2.1523751619779588},10,1
4778871310081631647,"{1.447008115,1.319993057,0.808960889,0.825499482,0.798668843,0.777705708,0.767040458,0.797307946,0.78093148,0.857350094,0.790077376,0.823041397,0.802322163,0.823159259,0.864371605,0.81192841,0.871471214,0.851959205,0}","{0.943917725,0.831750566}","{0.075089553,0.084380621,0.078532053,0.095193488,0.08192122,0.094707852,0.083208872,0.08308367,0.080012295,0.099494613,0.089667534,0.087465263,0.095823324,0.087917706,0.084183494,0.100708152,0.080083599,0.093627912,0}","{0.037899494,0.038353904}","{0.8110467083151166,0.8330235069837,0.7735441353751054,0.6497079978225174,0.38127778930731226,0.15418650587001095,0.49109119794392775,0.1877701069330709,0.43854269984266503,0.19260194821606325,0.4151288204699396,0.20543188618662583,0.37670850604940126,0.22398425986683856,0.36066881415062046,0.23574283703733864,0.3478972886300285,0.2460435614117134,0}","{1.429800581906629,0.8794560246349168}",20,2
5632455736553151255,"{0.109101257,0.136055835,0.119168681,0.116033294,0.140465146,0.130402511,0.122258152,0.137021318,0.110134956,0.119879429}",{0.102864676},"{0.059474901,0.057646296,0.058254079,0.054331672,0.064041159,0.080681079,0.059528307,0.061538868,0.052994392,0.054965296}",{0.025776979},"{0.9475367494058256,0.6615545834863377,0,0,0,0,0,0,0,0}",{0.9314405802300809},10,1
-7971004576533452411,"{0.113203778,0.14908999,0.126438934,0.068029946,0.071075089,0.069646548,0.075782214,0.077834931,0.059700082,0.06249628}",{0.123468378},"{0.146721971,0.15248003,0.133172713,0.124056131,0.129732033,0.132948252,0.143636553,0.151280042,0.138218228,0.137558378}",{0.066441007},"{2.2621403091178447,1.3398433912239678,0.6294087260423991,0.5675927130019905,0.5389020435511,0.8044113557010599,0.31605309963935113,0.03797453971131789,0.009116077839697733,0.009116077839697733}",{2.260032477820289},10,1
7519382914444524780,"{5.564364935,4.360962288,4.1458761,0.525361653,0.647482963,0.591281579,0.552071412,0.820850637,0.529563591,0.783046333}",{4.978082186},"{0.333854178,0.34468558,0.377332726,0.343878925,0.345584242,0.411569118,0.328233408,0.346019431,0.322396191,0.386011781}",{0.152992738},"{4.2810372651592115,2.173705557054883,1.8366956459637984,1.4354285342765867,1.4057947636297548,1.6173261227072366,1.1542857612125734,0.8683021339318864,1.0943026901115889,0.2697382094445125}",{4.263968682586651},10,1
9106003620751043838,"{0.214409509,0.220354473,0.229931687,0.219180052,0.201066675,0.227029068,0.206337901,0.23201655,0.224711313,0.227623023}",{0.206194577},"{0.015020309,0.015822267,0.015522854,0.014969352,0.015473048,0.016771845,0.017297735,0.018784866,0.016014765,0.017562901}",{0.021084295},"{2.6690430553582676,0,0,0,0,0,0,0,0,0}",{1.9882390473938862},10,1
4445581228366823766,"{0.137054773,0.127860469,0.132614435,0.136347718,0.127923659,0.130364214,0.147354239,0.151604863,0.138903822,0.13025182}",{0.12003028},"{0.279222921,0.285306964,0.257508057,0.25791518,0.270330316,0.266798916,0.30146981,0.357004123,0.254280932,0.240426263}",{0.113056191},"{1.3986171705870445,0.4870786406639369,0.5923519169759653,0.383217789449063,0.4927827237630966,0.32229187989728736,0.01660508076079605,0.010095703820050046,0.009400034111575292,0.009047608924289099}",{1.3854210086411753},10,1
2333270921735776355,"{0.334238739,0.272231615,5.056015376,10.097984493,0.341268454,0.90213237,0.864484599,0.928760308,0.961081064,0.886557289}",{0.380605949},"{0.052341972,0.061611551,0.064600049,0.056987805,0.057536539,0.059117042,0.058372076,0.057525458,0.053171332,0.054706634}",{0.032313825},"{2.636985150406888,1.1668969565064973,1.7889503610970474,1.2615783884269636,0.13688209962123732,0.06568302546468134,0.05937199832006881,0.05369150529019868,0.04857867429976864,0.043977766902491666}",{2.6351511119158264},10,1
6225652705960457954,"{0.450605993,0.018371064,0.482115795,0.021720727,0.458078792,0.020588374,0.457385281,0.018916173,0.450630452,0.017711121,0.470883448,0.019602895,0.539357231,0.020713136,0.446952102,0.023144626,0.391196845,0.022898928,0}","{0.020664874,0.454687569}","{0.018577316,0.021062324,0.020192789,0.021279127,0.020033083,0.021710171,0.021646743,0.020622071,0.02027114,0.020185307,0.019672955,0.024024632,0.023706803,0.020114022,0.02035698,0.018517987,0.019662945,0.020224279,0}","{0.016026821,0.015683891}","{3.925947348263044,0.46394042656368395,3.570960684007615,0.9511912127701408,3.273897606624782,1.248128383506762,3.071459603798118,1.4935696047702196,2.8551556419938646,1.7245627948783595,2.7222708367019863,1.899677281407873,2.6006124052978072,2.033936104213251,2.5001094663262617,2.14511850267133,2.4190008462759423,2.245698156817662,0}","{1.4248463598323375,3.018545810973802}",20,2
946838174961328458,"{0.12582355,0.130788033,0.115267843,0.115566444,0.117665619,0.116781704,0.130777293,0.145759388,0.127925436,0.122620092}",{0.13056264},"{0.014053653,0.012492674,0.013450446,0.014553558,0.014213168,0.013202438,0.017808987,0.016992464,0.013146578,0.011829333}",{0.008119208},"{0.6444744517789801,0.1680616967182817,0,0,0,0,0,0,0,0}",{0.6319729956637666},10,1
-6747521538659772949,"{4.6107711479999995,0.306527081,0.374159141,0.62535559,0.537531511,0.336312715,0.43021411,0.365557255,0.324379195,0.478762371}",{4.629422318},"{0.08144573,0.08604289,0.092065674,0.089120243,0.082832219,0.081918991,0.092379507,0.096180287,0.082800675,0.095921227}",{0.03301614},"{1.4502959372221635,0.9788220896074249,0.3147771128801151,0.030592258119873476,0,0,0,0,0,0}",{1.441443219681993},10,1
1168076528610430802,"{4.440380269,5.055079069,9.482791558,4.524137621,4.499419067,4.496290271,4.930756571,4.9912873829999995,4.462806759,4.499742849}",{4.437242146},"{0.03481068,0.039034767,0.043668411,0.034554145,0.038351681,0.038990702,0.047606852,0.039194949,0.035164628,0.03499585}",{0.014490052},"{2.4166552026238968,0.515326072888623,0.604440622590416,0,0,0,0,0,0,0}",{2.3963403364366753},10,1
4954783290691726040,"{0.141785603,0.124371974,0.132067089,0.136305779,0.160333768,0.157721656,0.140538476,0.135144152,0.155544231,0.125864354}",{0.15039621},"{0.042627745,0.045511627,0.044548491,0.055222891,0.050636796,0.053398966,0.044007137,0.049242473,0.048231438,0.046015106}",{0.019217307},"{0.9666559816959731,0.21319652546919798,0.04077336356234972,0.04077336356234972,0.04077336356234972,0.04077336356234972,0.04077336356234972,0,0,0}",{0.99168618881532},10,1
-1116224040252844741,"{0.133699827,0.135722983,0.126455515,0.147627913,0.132159312,0.128511574,0.188751085,0.160171731,0.163134517,0.136671222}",{0.145595466},"{0.012555425,0.014825469,0.016034466,0.014956564,0.015949078,0.014239412,0.019516338,0.022629134,0.017180902,0.01374615}",{0.009809203},"{0.6088489362120005,0,0,0,0,0,0,0,0,0}",{0.5817624479623713},10,1
1322643491423167220,"{0.249618269,0.125051016,0.118682864,0.113193503,0.125239268,0.15886067,0.125950378,0.139611332,0.1374228,0.127470416}",{0.212699146},"{2.927669141,3.100318202,3.158211844,2.909621918,2.920352757,3.039662783,2.904311729,3.054651784,2.922573616,3.094585011}",{0.231217574},"{2.2123309042703285,0.5290970211486762,0.4322134498339061,0.06455441870587492,0.03888230090735842,0.028227409335070248,0.028227409335070248,0.3022600134484949,0.014607973034132563,0.014607973034132563}",{2.2055556459673338},10,1
-3210595597316270705,"{1.872914963,0.554363614,0.275979333,0.401344775,0.852622772,0.308511273,0.305651202,0.197282721,0.234961733,0.22672444}",{1.748851842},"{3.667923707,3.687531199,3.5013434180000003,3.633036694,3.645309389,3.729760825,3.618120318,4.107999697,3.566631757,3.892993828}",{0.288013399},"{2.831980127482533,1.0881418939633885,1.0827508491927833,0.8422919046875694,1.561265186353692,0.883964988668246,0.8308783096808058,0.16805932511601637,0.0506608584581471,0.04107145604308774}",{2.838374819186665},10,1
5372730239182956237,"{0.852358168,2.724088949,1.500981044,0.519106529,5.559690722,1.764119783,0.274800776,2.921360296,0.322369217,0.282738535}",{0.775817695},"{3.677199436,3.8463998950000002,4.05588879,3.910540056,3.964322749,3.918096224,3.994241508,3.86512578,3.9012648370000003,4.174524209}",{0.288332655},"{3.19403699015315,2.1726695566853285,1.8858820828014982,1.4565734110137034,2.4207303432291503,1.7441595569695685,1.3318696636331713,2.1137837889276803,0.6916445299850974,1.2899576604189524}",{3.1939824711142095},10,1
2073429154321355728,"{0.152222151,0.175897633,0.182659888,0.199384727,0.167257375,0.177785165,0.159235074,0.215430806,0.185143259,0.155677357}",{0.156366323},"{0.011697788,0.01367597,0.013735083,0.012528897,0.013075884,0.014149156,0.0122429,0.013284777,0.013928984,0.011776575}",{0.009177322},"{0.6101852917483173,0,0,0,0,0,0,0,0,0}",{0.610108104450242},10,1
-6885312641126422993,"{0.108621719,0.12513054,0.099771667,0.122832406,0.110458074,0.107846836,0.134522556,0.122614562,0.117764226,0.117584448}",{0.103223085},"{0.013252802,0.015889436,0.012663574,0.011526318,0.012494167,0.013239067,0.013822776,0.015509857,0.012294945,0.012907555}",{0.007239035},"{2.4589535282085784,0.14398478283858396,0,0,0,0,0,0,0,0}",{2.431867039958949},10,1
-1889760809355916724,"{2.715641645,2.483907225,1.742395343,18.74864174,2.008880097,1.7087220360000002,3.33773326,1.383858356,6.098592567,1.941658081}",{1.817957894},"{2.851387533,2.832536093,2.58735318,2.853399403,2.9316807369999998,2.807688351,2.889371514,2.939196662,2.640101145,2.932634239}",{0.243446332},"{2.8238698943528595,1.9570327714827196,1.0837980637616114,2.7576911098926797,1.4303784814838885,1.909036510387583,1.5524827163433512,0.33313666412070453,1.8482023797086458,0.9677031417606108}",{2.8373640543804424},10,1
-6571914703387389993,"{10.048059622,0.046884945,0.046641239,0.19003267,0.041550139,0.04517067,0.041848947,0.069556154,0.072888488,0.043986764}",{9.564133292},"{5.400078017,5.604978881,5.692204763,5.557662742,5.407988245,5.735126092,5.522367933,5.469132439,5.314002969,5.648236689}",{0.31404461},"{1.9730042238662728,0.829610623412134,0.7373916226958239,0.8012190549385608,0.3802385631012578,0.03314228151464483,0.016236252720499823,0.016236252720499823,0.9488533109649633,0.005659765279649558}",{1.981759333102503},10,1
-460740518707800565,"{0.618947525,0.454309503,0.67755213,0.598563228,0.619960602,0.618057013,0.707856825,0.661356697,0.63393587,0.598231142}",{0.70043938},"{0.113077339,0.139387981,0.113923654,0.12616889,0.125929763,0.121648263,0.133694176,0.1271293,0.129351385,0.13769965}",{0.073120285},"{0.9255816624876363,0.6997441750808249,0.168348754061809,0.20135576265990163,0,0,0,0,0,0}",{0.9276715189215594},10,1
-1950505845315524548,"{0.253531908,0.200474161,0.18102418,0.260757505,0.256033637,0.178519124,0.300717343,0.18025634,0,0.172235366,0.251450737,0.221402608,0.171365652,0.284641191,0.193048039,0.173179272,0.278450927,0.174685588,0.165016796}","{0.217880262,0.144343571,0.204254232}","{0.01384845,0.014781503,0.016256727,0.012573201,0.013799248,0.015368862,0.016030773,0.014525899,0,0.013734463,0.013771531,0.013548501,0.013994603,0.014572185,0.013131442,0.014439719,0.013832516,0.012303909,0.013557}","{0.00683975,0.007224678,0.007663567}","{0.025015150933378454,0.011422483618958312,0.011538125913381528,0.025015150933378454,0.011422483618958312,0.011538125913381528,0.025015150933378454,0.011422483618958312,0,0.011538125913381528,0.025015150933378454,0.011422483618958312,0.011538125913381528,0.025015150933378454,0.011422483618958312,0.011538125913381528,0.025015150933378454,0.011422483618958312,0.011538125913381528}","{0.9803300380196811,0.44299661713596505,1.0660869246039262}",30,3
